"Product ID","Product name","Verified best source URL","Source dimensions","Full-frame detail 2x","Full-frame detail 3x","Minimum original dimensions for full-photo detail 3x","Supplier file to obtain"
"bouquet-4","Букет ""Солнце""","https://api.crm.nazdar.kz/media/preview/9H7A9782_NKyBWdP.jpg","330×284","Original needed","Original needed","1536×1322","Full-resolution camera original corresponding to 9H7A9782_NKyBWdP.jpg"
"bouquet-39","21 альстромерия в оформлении","https://api.crm.nazdar.kz/media/preview/9H7A7204.jpg","328×284","Original needed","Original needed","1536×1330","Full-resolution camera original corresponding to 9H7A7204.jpg"
"bouquet-250","Букет ""Нұрасем""","https://api.crm.nazdar.kz/media/preview/10_zuW1Dgi.jpg","330×284","Original needed","Original needed","1536×1322","Full-resolution camera original corresponding to 10_zuW1Dgi.jpg"
"bouquet-40","51 кустовая роза в оформлении","https://api.crm.nazdar.kz/media/preview/9H7A7137.jpg","328×284","Original needed","Original needed","1536×1330","Full-resolution camera original corresponding to 9H7A7137.jpg"
"bouquet-36","9 хризантем в корзине","https://api.crm.nazdar.kz/media/preview/9H7A2497.jpg","328×284","Original needed","Original needed","1536×1330","Full-resolution camera original corresponding to 9H7A2497.jpg"
"bouquet-42","101 метровая роза","https://api.crm.nazdar.kz/media/preview/9H7A7169.jpg","328×284","Original needed","Original needed","1536×1330","Full-resolution camera original corresponding to 9H7A7169.jpg"
"bouquet-251","Букет ""Інжу""","https://api.crm.nazdar.kz/media/preview/24.jpg","330×284","Original needed","Original needed","1536×1322","Full-resolution camera original corresponding to 24.jpg"
"bouquet-55","Букет ""Восторг""","https://api.crm.nazdar.kz/media/preview/9H7A5032.jpg","328×284","Original needed","Original needed","1536×1330","Full-resolution camera original corresponding to 9H7A5032.jpg"
"bouquet-43","51 роза в оформлении · 40 см","https://api.crm.nazdar.kz/media/preview/9H7A7095.jpg","328×284","Original needed","Original needed","1536×1330","Full-resolution camera original corresponding to 9H7A7095.jpg"
"bouquet-51","Букет «Нежность»","https://api.crm.nazdar.kz/media/preview/9H7A6981.jpg","328×284","Original needed","Original needed","1536×1330","Full-resolution camera original corresponding to 9H7A6981.jpg"
"bouquet-44","25 роза в оформлении · 40 см","https://api.crm.nazdar.kz/media/preview/9H7A7111.jpg","328×284","Original needed","Original needed","1536×1330","Full-resolution camera original corresponding to 9H7A7111.jpg"
"bouquet-45","9 альстромерий в оформлении","https://api.crm.nazdar.kz/media/preview/9H7A7125_jIjTfII.jpg","328×284","Original needed","Original needed","1536×1330","Full-resolution camera original corresponding to 9H7A7125_jIjTfII.jpg"
"bouquet-46","51 метровая роза в оформлении","https://api.crm.nazdar.kz/media/preview/9H7A7051.jpg","328×284","Original needed","Original needed","1536×1330","Full-resolution camera original corresponding to 9H7A7051.jpg"
"bouquet-52","101 роза в оформлении • 50 см","https://api.crm.nazdar.kz/media/preview/9H7A7064_PAhuZyW.jpg","328×284","Original needed","Original needed","1536×1330","Full-resolution camera original corresponding to 9H7A7064_PAhuZyW.jpg"
"bouquet-53","15 кустовых роз в корзине","https://api.crm.nazdar.kz/media/preview/9H7A6885.jpg","328×284","Original needed","Original needed","1536×1330","Full-resolution camera original corresponding to 9H7A6885.jpg"
"bouquet-133","Букет ""Амелия""","https://api.crm.nazdar.kz/media/preview/9H7A7587.jpg","235×294","Original needed","Original needed","1535×1920","Full-resolution camera original corresponding to 9H7A7587.jpg"
"bouquet-27","19 хризантем в оформлении","https://api.crm.nazdar.kz/media/preview/9H7A2681.jpg","328×284","Original needed","Original needed","1536×1330","Full-resolution camera original corresponding to 9H7A2681.jpg"
"bouquet-31","13 хризантем","https://api.crm.nazdar.kz/media/preview/9H7A2607.jpg","328×284","Original needed","Original needed","1536×1330","Full-resolution camera original corresponding to 9H7A2607.jpg"
"bouquet-104","Букет ""Аружан""","https://api.crm.nazdar.kz/media/preview/9H7A3223.jpg","328×284","Original needed","Original needed","1536×1330","Full-resolution camera original corresponding to 9H7A3223.jpg"
"bouquet-122","Букет ""Данелия""","https://api.crm.nazdar.kz/media/preview/9H7A6996.jpg","328×284","Original needed","Original needed","1536×1330","Full-resolution camera original corresponding to 9H7A6996.jpg"
"bouquet-20","21 метровая роза в оформлении","https://api.crm.nazdar.kz/media/preview/9H7A9916.jpg","328×284","Original needed","Original needed","1536×1330","Full-resolution camera original corresponding to 9H7A9916.jpg"
"bouquet-19","19 роз в оформлении","https://api.crm.nazdar.kz/media/preview/9H7A9909.jpg","328×284","Original needed","Original needed","1536×1330","Full-resolution camera original corresponding to 9H7A9909.jpg"
"bouquet-24","15 роз без оформления","https://api.crm.nazdar.kz/media/preview/9H7A9836.jpg","328×284","Original needed","Original needed","1536×1330","Full-resolution camera original corresponding to 9H7A9836.jpg"
"bouquet-25","19 кустовых роз в оформлении","https://api.crm.nazdar.kz/media/preview/9H7A2696.jpg","328×284","Original needed","Original needed","1536×1330","Full-resolution camera original corresponding to 9H7A2696.jpg"
"bouquet-26","51 роза 50 см","https://api.crm.nazdar.kz/media/preview/9H7A2588.jpg","328×284","Original needed","Original needed","1536×1330","Full-resolution camera original corresponding to 9H7A2588.jpg"
"bouquet-30","19 кустовых роз","https://api.crm.nazdar.kz/media/preview/9H7A2616.jpg","328×284","Original needed","Original needed","1536×1330","Full-resolution camera original corresponding to 9H7A2616.jpg"
"bouquet-33","13 кустовых роз в оформлении","https://api.crm.nazdar.kz/media/preview/9H7A2563.jpg","328×284","Original needed","Original needed","1536×1330","Full-resolution camera original corresponding to 9H7A2563.jpg"
"bouquet-41","15 альстромерий в оформлении","https://api.crm.nazdar.kz/media/preview/9H7A7154_M4b2VIx.jpg","328×284","Original needed","Original needed","1536×1330","Full-resolution camera original corresponding to 9H7A7154_M4b2VIx.jpg"
"bouquet-48","25 роз в оформлении · 40 см","https://api.crm.nazdar.kz/media/preview/9H7A7082.jpg","328×284","Original needed","Original needed","1536×1330","Full-resolution camera original corresponding to 9H7A7082.jpg"
"bouquet-49","31 метровых роз в оформлении","https://api.crm.nazdar.kz/media/preview/9H7A7007.jpg","328×284","Original needed","Original needed","1536×1330","Full-resolution camera original corresponding to 9H7A7007.jpg"
"bouquet-76","Букет ""Жанель""","https://api.crm.nazdar.kz/media/preview/9H7A6760.jpg","328×284","Original needed","Original needed","1536×1330","Full-resolution camera original corresponding to 9H7A6760.jpg"
"bouquet-79","Букет ""Сафия""","https://api.crm.nazdar.kz/media/preview/9H7A6838.jpg","328×284","Original needed","Original needed","1536×1330","Full-resolution camera original corresponding to 9H7A6838.jpg"
"bouquet-197","Букет «Жемчужная нежность»","https://api.crm.nazdar.kz/media/preview/07c65abb-31ac-46de-9f39-23f2151e7343.jpeg","900×1600","Adequate","Original needed","1080×1920","Full-resolution camera original corresponding to 07c65abb-31ac-46de-9f39-23f2151e7343.jpeg"
"bouquet-69","Букет ""Майя""","https://api.crm.nazdar.kz/media/preview/9H7A3001.jpg","284×246","Original needed","Original needed","1536×1331","Full-resolution camera original corresponding to 9H7A3001.jpg"
"bouquet-73","Букет ""Амели""","https://api.crm.nazdar.kz/media/preview/9H7A3248.jpg","168×145","Original needed","Original needed","1536×1326","Full-resolution camera original corresponding to 9H7A3248.jpg"
"bouquet-267","Букет ""Розовое облако""","https://api.crm.nazdar.kz/media/preview/25_WgOOAWR.jpg","330×284","Original needed","Original needed","1536×1322","Full-resolution camera original corresponding to 25_WgOOAWR.jpg"
"bouquet-266","Букет ""Жемчужный сад""","https://api.crm.nazdar.kz/media/preview/22_3HkaRJJ.jpg","330×284","Original needed","Original needed","1536×1322","Full-resolution camera original corresponding to 22_3HkaRJJ.jpg"
"bouquet-70","Букет ""Асылым""","https://api.crm.nazdar.kz/media/preview/9H7A3048.jpg","180×156","Original needed","Original needed","1536×1332","Full-resolution camera original corresponding to 9H7A3048.jpg"
"bouquet-77","5 гортензий","https://api.crm.nazdar.kz/media/preview/9H7A6714.jpg","328×284","Original needed","Original needed","1536×1330","Full-resolution camera original corresponding to 9H7A6714.jpg"
"bouquet-134","Букет ""Айгерим""","https://api.crm.nazdar.kz/media/preview/9H7A7634.jpg","294×294","Original needed","Original needed","1536×1536","Full-resolution camera original corresponding to 9H7A7634.jpg"
"bouquet-97","Букет «Фиалка»","https://api.crm.nazdar.kz/media/preview/9H7A6707.jpg","208×180","Original needed","Original needed","1536×1330","Full-resolution camera original corresponding to 9H7A6707.jpg"
"bouquet-102","Букет ""Дания""","https://api.crm.nazdar.kz/media/preview/9H7A3201.jpg","328×284","Original needed","Original needed","1536×1330","Full-resolution camera original corresponding to 9H7A3201.jpg"
"bouquet-86","Букет ""Айлин""","https://api.crm.nazdar.kz/media/preview/9H7A6366.jpg","328×284","Original needed","Original needed","1536×1330","Full-resolution camera original corresponding to 9H7A6366.jpg"
"bouquet-96","51 метровая роза в оформлении","https://api.crm.nazdar.kz/media/preview/9H7A6619.jpg","208×180","Original needed","Original needed","1536×1330","Full-resolution camera original corresponding to 9H7A6619.jpg"
"bouquet-101","7 кустовых роз в коробке","https://api.crm.nazdar.kz/media/preview/9H7A6526.jpg","328×284","Original needed","Original needed","1536×1330","Full-resolution camera original corresponding to 9H7A6526.jpg"
"bouquet-103","5 гортензий в коробке","https://api.crm.nazdar.kz/media/preview/9H7A3213_%D0%BA%D0%BE%D0%BF%D0%B8%D1%8F.jpg","328×284","Original needed","Original needed","1536×1330","Full-resolution camera original corresponding to 9H7A3213_копия.jpg"
"bouquet-15","25 французских роз в коробке","https://api.crm.nazdar.kz/media/preview/9H7A3768.jpg","330×284","Original needed","Original needed","1536×1322","Full-resolution camera original corresponding to 9H7A3768.jpg"
"bouquet-47","101 роза в оформлении · 40 см","https://api.crm.nazdar.kz/media/preview/9H7A6949_YhC5fri.jpg","4257×6386","Adequate","Adequate","1280×1920","Full-resolution camera original corresponding to 9H7A6949_YhC5fri.jpg"
"bouquet-107","Свадебный букет","https://api.crm.nazdar.kz/media/preview/GAID8405_vJI3lbQ.jpg","328×284","Original needed","Original needed","1536×1330","Full-resolution camera original corresponding to GAID8405_vJI3lbQ.jpg"
"bouquet-239","Букет ""Меруерт "" 🤍","https://api.crm.nazdar.kz/media/preview/330284_-_6.jpg","330×284","Original needed","Original needed","1536×1322","Full-resolution camera original corresponding to 330284_-_6.jpg"
"bouquet-108","Свадебный микс букет","https://api.crm.nazdar.kz/media/preview/GAID8421.jpg","328×284","Original needed","Original needed","1536×1330","Full-resolution camera original corresponding to GAID8421.jpg"
"bouquet-244","Букет ""Қыз Жібек"" 🌷","https://api.crm.nazdar.kz/media/preview/330284_-_10_1.jpg","330×284","Original needed","Original needed","1536×1322","Full-resolution camera original corresponding to 330284_-_10_1.jpg"
"bouquet-245","Букет ""Алау""","https://api.crm.nazdar.kz/media/preview/330284_-_11_1.jpg","330×284","Original needed","Original needed","1536×1322","Full-resolution camera original corresponding to 330284_-_11_1.jpg"
"bouquet-62","Букет ""Яркая экзотика""","https://api.crm.nazdar.kz/media/preview/9H7A4942.jpg","328×284","Original needed","Original needed","1536×1330","Full-resolution camera original corresponding to 9H7A4942.jpg"
"bouquet-32","9 хризантем без оформления","https://api.crm.nazdar.kz/media/preview/9H7A2580.jpg","328×284","Original needed","Original needed","1536×1330","Full-resolution camera original corresponding to 9H7A2580.jpg"
"bouquet-238","Букет Розовый сад 🌸","https://api.crm.nazdar.kz/media/preview/330284_-_5_deg2BTT.jpg","330×284","Original needed","Original needed","1536×1322","Full-resolution camera original corresponding to 330284_-_5_deg2BTT.jpg"
"bouquet-78","7 гортензий","https://api.crm.nazdar.kz/media/preview/9H7A6743.jpg","328×284","Original needed","Original needed","1536×1330","Full-resolution camera original corresponding to 9H7A6743.jpg"
"bouquet-6","15 французских роз в корзине","https://api.crm.nazdar.kz/media/preview/9H7A9810_pgeAtyD.jpg","328×284","Original needed","Original needed","1536×1330","Full-resolution camera original corresponding to 9H7A9810_pgeAtyD.jpg"
"bouquet-7","9 кустовых роз в сумочке","https://api.crm.nazdar.kz/media/preview/9H7A2952.jpg","328×284","Original needed","Original needed","1536×1330","Full-resolution camera original corresponding to 9H7A2952.jpg"
"bouquet-61","101 метровая роза в оформлении","https://api.crm.nazdar.kz/media/preview/9H7A4932.jpg","328×284","Original needed","Original needed","1536×1330","Full-resolution camera original corresponding to 9H7A4932.jpg"
"bouquet-84","5 гортензий в оформлении","https://api.crm.nazdar.kz/media/preview/9H7A6424.jpg","328×284","Original needed","Original needed","1536×1330","Full-resolution camera original corresponding to 9H7A6424.jpg"
"bouquet-98","6 хризантем в зонтике","https://api.crm.nazdar.kz/media/preview/9H7A6695.jpg","208×180","Original needed","Original needed","1536×1330","Full-resolution camera original corresponding to 9H7A6695.jpg"
"bouquet-124","7 кустовых роз в оформлении","https://api.crm.nazdar.kz/media/preview/9H7A7085.jpg","328×284","Original needed","Original needed","1536×1330","Full-resolution camera original corresponding to 9H7A7085.jpg"
"bouquet-87","Букет ""Айша""","https://api.crm.nazdar.kz/media/preview/9H7A6360.jpg","328×284","Original needed","Original needed","1536×1330","Full-resolution camera original corresponding to 9H7A6360.jpg"
"bouquet-114","Букет ""Камила""","https://api.crm.nazdar.kz/media/preview/9H7A8788.jpg","328×284","Original needed","Original needed","1536×1330","Full-resolution camera original corresponding to 9H7A8788.jpg"
"bouquet-115","17 альстромерий в оформлении","https://api.crm.nazdar.kz/media/preview/9H7A8961.jpg","328×284","Original needed","Original needed","1536×1330","Full-resolution camera original corresponding to 9H7A8961.jpg"
"bouquet-158","Букет ""Азалия""","https://api.crm.nazdar.kz/media/preview/IMG_0112.png","941×1672","Adequate","Original needed","1081×1921","Full-resolution camera original corresponding to IMG_0112.png"
"bouquet-125","Wow Букет из 221 розы в корзине","https://api.crm.nazdar.kz/media/preview/9H7A7063.jpg","328×284","Original needed","Original needed","1536×1330","Full-resolution camera original corresponding to 9H7A7063.jpg"
"bouquet-207","Букет «Школьная пора»","https://api.crm.nazdar.kz/media/preview/E2C357BA-95DC-4BA2-9858-7357B666C12D.png","1086×1448","Adequate","Original needed","1440×1920","Full-resolution camera original corresponding to E2C357BA-95DC-4BA2-9858-7357B666C12D.png"
"bouquet-17","19 голландских роз","https://api.crm.nazdar.kz/media/preview/9H7A9853.jpg","328×284","Original needed","Original needed","1536×1330","Full-resolution camera original corresponding to 9H7A9853.jpg"
"bouquet-56","25 голландских роз в оформлении • 40 см","https://api.crm.nazdar.kz/media/preview/9H7A5019.jpg","328×284","Original needed","Original needed","1536×1330","Full-resolution camera original corresponding to 9H7A5019.jpg"
"bouquet-50","101 метровая роза в оформлении","https://api.crm.nazdar.kz/media/preview/9H7A6955.jpg","328×284","Original needed","Original needed","1536×1330","Full-resolution camera original corresponding to 9H7A6955.jpg"
"bouquet-63","101 роза в оформлении • 60 см","https://api.crm.nazdar.kz/media/preview/9H7A4924.jpg","328×284","Original needed","Original needed","1536×1330","Full-resolution camera original corresponding to 9H7A4924.jpg"
"bouquet-75","Wow — букет из 101 кустовой розы в оформлении","https://api.crm.nazdar.kz/media/preview/9H7A6775.jpg","328×284","Original needed","Original needed","1536×1330","Full-resolution camera original corresponding to 9H7A6775.jpg"
"bouquet-28","Букет ""Аяла""","https://api.crm.nazdar.kz/media/preview/9H7A2661.jpg","328×284","Original needed","Original needed","1536×1330","Full-resolution camera original corresponding to 9H7A2661.jpg"
"bouquet-105","Букет ""Адия""","https://api.crm.nazdar.kz/media/preview/9H7A3243.jpg","328×284","Original needed","Original needed","1536×1330","Full-resolution camera original corresponding to 9H7A3243.jpg"
"bouquet-57","Букет ""Симфония""","https://api.crm.nazdar.kz/media/preview/9H7A4989.jpg","328×284","Original needed","Original needed","1536×1330","Full-resolution camera original corresponding to 9H7A4989.jpg"
"bouquet-151","Букет ""Жібек Сезім""","https://api.crm.nazdar.kz/media/preview/5.180.208.jpg","563×650","Original needed","Original needed","1536×1774","Full-resolution camera original corresponding to 5.180.208.jpg"
"bouquet-111","Свадебный букет","https://api.crm.nazdar.kz/media/slider/9H7A8904_%D0%BA%D0%BE%D0%BF%D0%B8%D1%8F.jpg","750×1626","Adequate","Original needed","886×1920","Full-resolution camera original corresponding to 9H7A8904_копия.jpg"
"bouquet-116","Букет ""Мадина""","https://api.crm.nazdar.kz/media/preview/9H7A9081.jpg","328×284","Original needed","Original needed","1536×1330","Full-resolution camera original corresponding to 9H7A9081.jpg"
"bouquet-81","Букет из 101 розы в оформлении • 40 см","https://api.crm.nazdar.kz/media/preview/9H7A7064_e8P8Gis.jpg","328×284","Original needed","Original needed","1536×1330","Full-resolution camera original corresponding to 9H7A7064_e8P8Gis.jpg"
"bouquet-117","Букет ""Анель""","https://api.crm.nazdar.kz/media/preview/9H7A8991.jpg","328×284","Original needed","Original needed","1536×1330","Full-resolution camera original corresponding to 9H7A8991.jpg"
"bouquet-110","Свадебный букет","https://api.crm.nazdar.kz/media/preview/9H7A9456.jpg","284×246","Original needed","Original needed","1536×1331","Full-resolution camera original corresponding to 9H7A9456.jpg"
"bouquet-123","9 кустовых роз в оформлении","https://api.crm.nazdar.kz/media/preview/9H7A7116.jpg","328×284","Original needed","Original needed","1536×1330","Full-resolution camera original corresponding to 9H7A7116.jpg"
"bouquet-126","11 кустовых роз в коробке","https://api.crm.nazdar.kz/media/preview/9H7A6975.jpg","328×284","Original needed","Original needed","1536×1330","Full-resolution camera original corresponding to 9H7A6975.jpg"
"bouquet-119","Букет ""Айгерим""","https://api.crm.nazdar.kz/media/preview/9H7A7125_BkmR3Ow.jpg","328×284","Original needed","Original needed","1536×1330","Full-resolution camera original corresponding to 9H7A7125_BkmR3Ow.jpg"
"bouquet-130","Букет ""Жазира""","https://api.crm.nazdar.kz/media/preview/9H7A7618.jpg","235×294","Original needed","Original needed","1535×1920","Full-resolution camera original corresponding to 9H7A7618.jpg"
"bouquet-205","Букет ""Для отличника""","https://api.crm.nazdar.kz/media/preview/ef63f8b2-89c4-4491-914e-89944582aaa7.jpeg","728×1293","Adequate","Original needed","1082×1920","Full-resolution camera original corresponding to ef63f8b2-89c4-4491-914e-89944582aaa7.jpeg"
"bouquet-120","Букет ""Жания""","https://api.crm.nazdar.kz/media/preview/9H7A7144_%D0%BA%D0%BE%D0%BF%D0%B8%D1%8F.jpg","328×284","Original needed","Original needed","1536×1330","Full-resolution camera original corresponding to 9H7A7144_копия.jpg"
"bouquet-131","Букет ""София""","https://api.crm.nazdar.kz/media/preview/9H7A7653.jpg","294×294","Original needed","Original needed","1536×1536","Full-resolution camera original corresponding to 9H7A7653.jpg"
"bouquet-121","Букет ""Дария""","https://api.crm.nazdar.kz/media/preview/9H7A7101.jpg","328×284","Original needed","Original needed","1536×1330","Full-resolution camera original corresponding to 9H7A7101.jpg"
"bouquet-249","Букет «Назым»","https://api.crm.nazdar.kz/media/preview/21.jpg","330×284","Original needed","Original needed","1536×1322","Full-resolution camera original corresponding to 21.jpg"
"bouquet-89","Букет ""Гульзара""","https://api.crm.nazdar.kz/media/preview/9H7A6285.jpg","328×284","Original needed","Original needed","1536×1330","Full-resolution camera original corresponding to 9H7A6285.jpg"
"bouquet-202","🤍 Букет «Первый звонок»","","None verified","Original needed","Original needed","1536×1920","Genuine camera original of this exact SKU; generated-named source excluded"
"bouquet-155","Букет ""Томирис""","https://api.crm.nazdar.kz/media/preview/6.180.208.jpg","563×650","Original needed","Original needed","1536×1774","Full-resolution camera original corresponding to 6.180.208.jpg"
"bouquet-156","Букет ""Ақнұр""","https://api.crm.nazdar.kz/media/preview/4.180.220.jpg","563×650","Original needed","Original needed","1536×1774","Full-resolution camera original corresponding to 4.180.220.jpg"
"bouquet-34","25 хризантем в корзине","https://api.crm.nazdar.kz/media/preview/9H7A2522.jpg","328×284","Original needed","Original needed","1536×1330","Full-resolution camera original corresponding to 9H7A2522.jpg"
"bouquet-153","Букет ""Айсұлу""","https://api.crm.nazdar.kz/media/preview/10.180.208.jpg","563×650","Original needed","Original needed","1536×1774","Full-resolution camera original corresponding to 10.180.208.jpg"
"bouquet-54","9 хризантем в оформлении","https://api.crm.nazdar.kz/media/preview/9H7A6809.jpg","328×284","Original needed","Original needed","1536×1330","Full-resolution camera original corresponding to 9H7A6809.jpg"
"bouquet-95","13 хризантем в оформлении","https://api.crm.nazdar.kz/media/preview/9H7A6232.jpg","328×284","Original needed","Original needed","1536×1330","Full-resolution camera original corresponding to 9H7A6232.jpg"
"bouquet-66","Букет ""Айсулу""","https://api.crm.nazdar.kz/media/preview/9H7A2938.jpg","284×246","Original needed","Original needed","1536×1331","Full-resolution camera original corresponding to 9H7A2938.jpg"
"bouquet-247","Букет «Любимой»","https://api.crm.nazdar.kz/media/preview/19_LvnmrWT.jpg","330×284","Original needed","Original needed","1536×1322","Full-resolution camera original corresponding to 19_LvnmrWT.jpg"
"bouquet-248","Букет «Ғашығым»  🌷","https://api.crm.nazdar.kz/media/preview/27.jpg","330×284","Original needed","Original needed","1536×1322","Full-resolution camera original corresponding to 27.jpg"
"bouquet-159","Букет «Малиновое облако»","https://api.crm.nazdar.kz/media/preview/IMG_0113.png","941×1672","Adequate","Original needed","1081×1921","Full-resolution camera original corresponding to IMG_0113.png"
"bouquet-201","Букет «Первый звонок»","https://api.crm.nazdar.kz/media/preview/7a44c542-7930-4891-8061-57b7d76c7669.jpeg","1023×1537","Adequate","Original needed","1278×1921","Full-resolution camera original corresponding to 7a44c542-7930-4891-8061-57b7d76c7669.jpeg"
"bouquet-160","Букет «Зефирная мечта»","https://api.crm.nazdar.kz/media/preview/%D0%BD%D0%B0%D0%B7%D0%B4%D0%B0%D1%80_%D1%81%D1%82%D0%BE%D1%80%D0%B8%D1%81_%D0%BF%D1%80%D0%B8%D0%BB%D0%BE%D0%B6%D0%B5%D0%BD%D0%B8%D0%B5_-_38.JPG","330×284","Original needed","Original needed","1536×1322","Full-resolution camera original corresponding to наздар_сторис_приложение_-_38.JPG"
"bouquet-132","Букет ""Лейла""","https://api.crm.nazdar.kz/media/preview/9H7A7614.jpg","235×294","Original needed","Original needed","1535×1920","Full-resolution camera original corresponding to 9H7A7614.jpg"
"bouquet-163","Букет «Пудровая симфония»","https://api.crm.nazdar.kz/media/preview/IMG_0111.png","941×1672","Adequate","Original needed","1081×1921","Full-resolution camera original corresponding to IMG_0111.png"
"bouquet-240","Букет ""Нежная лилия"" 🍃","https://api.crm.nazdar.kz/media/preview/330284_-_7.jpg","330×284","Original needed","Original needed","1536×1322","Full-resolution camera original corresponding to 330284_-_7.jpg"
"bouquet-165","Букет «Белая элегантность»","https://api.crm.nazdar.kz/media/preview/Nazdar_%D0%BF%D1%80%D0%B8%D0%BB%D0%BE%D0%B6%D0%B5%D0%BD%D0%B8%D0%B5_%D1%81%D1%81%D1%8B%D0%BB%D0%BA%D0%B0.png","330×284","Original needed","Original needed","1536×1322","Full-resolution camera original corresponding to Nazdar_приложение_ссылка.png"
"bouquet-166","Букет «Белый шелк»","https://api.crm.nazdar.kz/media/preview/Nazdar_%D0%BF%D1%80%D0%B8%D0%BB%D0%BE%D0%B6%D0%B5%D0%BD%D0%B8%D0%B5_%D1%81%D1%81%D1%8B%D0%BB%D0%BA%D0%B0_2.png","330×284","Original needed","Original needed","1536×1322","Full-resolution camera original corresponding to Nazdar_приложение_ссылка_2.png"
"bouquet-241","Букет ""Первое свидание""","https://api.crm.nazdar.kz/media/preview/330284_-_8.jpg","330×284","Original needed","Original needed","1536×1322","Full-resolution camera original corresponding to 330284_-_8.jpg"
"bouquet-208","Букет «С днем знаний»","https://api.crm.nazdar.kz/media/preview/2C619405-BDAA-40E0-81D1-9DD5B10D59D3.png","1086×1448","Adequate","Original needed","1440×1920","Full-resolution camera original corresponding to 2C619405-BDAA-40E0-81D1-9DD5B10D59D3.png"
"bouquet-67","Букет ""Нурия""","https://api.crm.nazdar.kz/media/preview/9H7A2954.jpg","284×246","Original needed","Original needed","1536×1331","Full-resolution camera original corresponding to 9H7A2954.jpg"
"bouquet-162","Букет «Небесная гармония»","https://api.crm.nazdar.kz/media/preview/%D0%BD%D0%B0%D0%B7%D0%B4%D0%B0%D1%80_%D1%81%D1%82%D0%BE%D1%80%D0%B8%D1%81_%D0%BF%D1%80%D0%B8%D0%BB%D0%BE%D0%B6%D0%B5%D0%BD%D0%B8%D0%B5_-_44.JPG","330×284","Original needed","Original needed","1536×1322","Full-resolution camera original corresponding to наздар_сторис_приложение_-_44.JPG"
"bouquet-209","Букет «Для первого учителя»","","None verified","Original needed","Original needed","1536×1920","Genuine camera original of this exact SKU; generated-named source excluded"
"bouquet-16","15 французских роз в коробке","https://api.crm.nazdar.kz/media/preview/9H7A9821.jpg","328×284","Original needed","Original needed","1536×1330","Full-resolution camera original corresponding to 9H7A9821.jpg"
"bouquet-1","9 кустовых роз","https://api.crm.nazdar.kz/media/preview/9H7A6520.jpg","328×284","Original needed","Original needed","1536×1330","Full-resolution camera original corresponding to 9H7A6520.jpg"
"bouquet-21","15 французских роз в сумочке","https://api.crm.nazdar.kz/media/preview/WhatsApp_Image_2025-08-13_at_16.17.10.jpeg","330×284","Original needed","Original needed","1536×1322","Full-resolution camera original corresponding to WhatsApp_Image_2025-08-13_at_16.17.10.jpeg"
"bouquet-242","Букет ""Солнечный день"" 🌻","https://api.crm.nazdar.kz/media/preview/330284_-_9_1.jpg","330×284","Original needed","Original needed","1536×1322","Full-resolution camera original corresponding to 330284_-_9_1.jpg"
"bouquet-203","«Букет знаний»","https://api.crm.nazdar.kz/media/preview/5221CA6B-3913-40FD-A6EF-06973842573A.png","1024×1536","Adequate","Original needed","1280×1920","Full-resolution camera original corresponding to 5221CA6B-3913-40FD-A6EF-06973842573A.png"
"bouquet-22","15 французских роз в корзине","https://api.crm.nazdar.kz/media/preview/9H7A9791.jpg","330×284","Original needed","Original needed","1536×1322","Full-resolution camera original corresponding to 9H7A9791.jpg"
"bouquet-8","9 французских роз в коробке","https://api.crm.nazdar.kz/media/preview/9H7A3583_mN8LUed.jpg","330×284","Original needed","Original needed","1536×1322","Full-resolution camera original corresponding to 9H7A3583_mN8LUed.jpg"
"bouquet-85","21 гортензия в корзине","https://api.crm.nazdar.kz/media/preview/9H7A6383.jpg","328×284","Original needed","Original needed","1536×1330","Full-resolution camera original corresponding to 9H7A6383.jpg"
"bouquet-72","Букет ""Бота""","https://api.crm.nazdar.kz/media/preview/9H7A3240.jpg","168×145","Original needed","Original needed","1536×1326","Full-resolution camera original corresponding to 9H7A3240.jpg"
"bouquet-109","21 гортензия в корзине","https://api.crm.nazdar.kz/media/preview/GAID8392.jpg","328×284","Original needed","Original needed","1536×1330","Full-resolution camera original corresponding to GAID8392.jpg"
"bouquet-118","Букет ""Сердце""","https://api.crm.nazdar.kz/media/preview/9H7A7003.jpg","328×284","Original needed","Original needed","1536×1330","Full-resolution camera original corresponding to 9H7A7003.jpg"
"bouquet-198","Букет «Лазурная нежность» S","https://api.crm.nazdar.kz/media/preview/bc86583d-8b1b-4b1f-8f23-b35391f13de6.jpeg","1086×1448","Adequate","Original needed","1440×1920","Full-resolution camera original corresponding to bc86583d-8b1b-4b1f-8f23-b35391f13de6.jpeg"
"bouquet-38","21 голландская гортензия в корзине","https://api.crm.nazdar.kz/media/preview/9H7A7181.jpg","328×284","Original needed","Original needed","1536×1330","Full-resolution camera original corresponding to 9H7A7181.jpg"
"bouquet-167","Букет «Алое признание»","https://api.crm.nazdar.kz/media/preview/Nazdar_%D0%BF%D1%80%D0%B8%D0%BB%D0%BE%D0%B6%D0%B5%D0%BD%D0%B8%D0%B5_%D1%81%D1%81%D1%8B%D0%BB%D0%BA%D0%B0_5.png","330×284","Original needed","Original needed","1536×1322","Full-resolution camera original corresponding to Nazdar_приложение_ссылка_5.png"
"bouquet-210","Букет «На учебу в радость»","https://api.crm.nazdar.kz/media/preview/3c48ef59-8b37-4d84-ac62-7765d9c49f5d.jpeg","960×1280","Adequate","Original needed","1440×1920","Full-resolution camera original corresponding to 3c48ef59-8b37-4d84-ac62-7765d9c49f5d.jpeg"
"bouquet-29","25 хризантем в оформлении","https://api.crm.nazdar.kz/media/preview/9H7A2649.jpg","328×284","Original needed","Original needed","1536×1330","Full-resolution camera original corresponding to 9H7A2649.jpg"
"bouquet-204","Букет ""Здравствуй, школа!""","https://api.crm.nazdar.kz/media/preview/96F868BE-BF73-4307-A05B-730F99BA91BA.png","1086×1448","Adequate","Original needed","1440×1920","Full-resolution camera original corresponding to 96F868BE-BF73-4307-A05B-730F99BA91BA.png"
"bouquet-37","25 хризантем","https://api.crm.nazdar.kz/media/preview/9H7A2537.jpg","328×284","Original needed","Original needed","1536×1330","Full-resolution camera original corresponding to 9H7A2537.jpg"
"bouquet-129","Букет ""Зара""","https://api.crm.nazdar.kz/media/preview/9H7A7076_%D0%BA%D0%BE%D0%BF%D0%B8%D1%8F.jpg","328×284","Original needed","Original needed","1536×1330","Full-resolution camera original corresponding to 9H7A7076_копия.jpg"
"bouquet-168","Композиция «Розовое вдохновение»","https://api.crm.nazdar.kz/media/preview/Nazdar_%D0%BF%D1%80%D0%B8%D0%BB%D0%BE%D0%B6%D0%B5%D0%BD%D0%B8%D0%B5_%D1%81%D1%81%D1%8B%D0%BB%D0%BA%D0%B0_9.png","168×168","Original needed","Original needed","1536×1536","Full-resolution camera original corresponding to Nazdar_приложение_ссылка_9.png"
"bouquet-171","Композиция «Розовая симфония»","https://api.crm.nazdar.kz/media/preview/Nazdar_%D0%BF%D1%80%D0%B8%D0%BB%D0%BE%D0%B6%D0%B5%D0%BD%D0%B8%D0%B5_%D1%81%D1%81%D1%8B%D0%BB%D0%BA%D0%B0_12.png","168×168","Original needed","Original needed","1536×1536","Full-resolution camera original corresponding to Nazdar_приложение_ссылка_12.png"
"bouquet-65","Букет ""Ажар""","https://api.crm.nazdar.kz/media/preview/9H7A4895.jpg","328×284","Original needed","Original needed","1536×1330","Full-resolution camera original corresponding to 9H7A4895.jpg"
"bouquet-174","Букет «Жемчужное сияние»","https://api.crm.nazdar.kz/media/preview/IMG_0102.png","941×1672","Adequate","Original needed","1081×1921","Full-resolution camera original corresponding to IMG_0102.png"
"bouquet-12","9 хризантем в оформлении","https://api.crm.nazdar.kz/media/preview/9H7A3668_wwXufHa.jpg","330×284","Original needed","Original needed","1536×1322","Full-resolution camera original corresponding to 9H7A3668_wwXufHa.jpg"
"bouquet-175","Букет «Ягодная нежность»","https://api.crm.nazdar.kz/media/preview/IMG_0101.png","941×1672","Adequate","Original needed","1081×1921","Full-resolution camera original corresponding to IMG_0101.png"
"bouquet-83","101 хризантема в оформлении","https://api.crm.nazdar.kz/media/preview/9H7A6401.jpg","328×284","Original needed","Original needed","1536×1330","Full-resolution camera original corresponding to 9H7A6401.jpg"
"bouquet-200","Букет «Лазурная нежность» L","https://api.crm.nazdar.kz/media/preview/be3f512d-b840-4b17-9bed-ef2bec4b9d45.jpeg","900×1600","Adequate","Original needed","1080×1920","Full-resolution camera original corresponding to be3f512d-b840-4b17-9bed-ef2bec4b9d45.jpeg"
"bouquet-172","Букет «Зефирная нежность»","https://api.crm.nazdar.kz/media/preview/Nazdar_%D0%BF%D1%80%D0%B8%D0%BB%D0%BE%D0%B6%D0%B5%D0%BD%D0%B8%D0%B5_%D1%81%D1%81%D1%8B%D0%BB%D0%BA%D0%B0_14.png","330×284","Original needed","Original needed","1536×1322","Full-resolution camera original corresponding to Nazdar_приложение_ссылка_14.png"
"bouquet-90","25 хризантем в оформлении","https://api.crm.nazdar.kz/media/preview/9H7A6243.jpg","328×284","Original needed","Original needed","1536×1330","Full-resolution camera original corresponding to 9H7A6243.jpg"
"bouquet-71","Букет ""Медина""","https://api.crm.nazdar.kz/media/preview/9H7A3059.jpg","180×156","Original needed","Original needed","1536×1332","Full-resolution camera original corresponding to 9H7A3059.jpg"
"bouquet-93","11 хризантем в оформлении","https://api.crm.nazdar.kz/media/preview/9H7A6211.jpg","328×284","Original needed","Original needed","1536×1330","Full-resolution camera original corresponding to 9H7A6211.jpg"
"bouquet-94","9 хризантем в оформлении","https://api.crm.nazdar.kz/media/preview/9H7A6223.jpg","328×284","Original needed","Original needed","1536×1330","Full-resolution camera original corresponding to 9H7A6223.jpg"
"bouquet-173","Букет «Ягодный мусс»","https://api.crm.nazdar.kz/media/preview/IMG_0103.png","941×1672","Adequate","Original needed","1081×1921","Full-resolution camera original corresponding to IMG_0103.png"
"bouquet-206","«Букет для побед»","https://api.crm.nazdar.kz/media/preview/DE70C67D-631E-4BC4-A091-559A1075CB22.png","1086×1448","Adequate","Original needed","1440×1920","Full-resolution camera original corresponding to DE70C67D-631E-4BC4-A091-559A1075CB22.png"
"bouquet-88","51 хризантема в оформлении","https://api.crm.nazdar.kz/media/preview/9H7A6297.jpg","328×284","Original needed","Original needed","1536×1330","Full-resolution camera original corresponding to 9H7A6297.jpg"
"bouquet-91","11 хризантем в оформлении","https://api.crm.nazdar.kz/media/preview/9H7A6258.jpg","328×284","Original needed","Original needed","1536×1330","Full-resolution camera original corresponding to 9H7A6258.jpg"
"bouquet-157","Букет ""Летний микс""","https://api.crm.nazdar.kz/media/preview/%D0%BD%D0%B0%D0%B7%D0%B4%D0%B0%D1%80_%D1%81%D1%82%D0%BE%D1%80%D0%B8%D1%81_%D0%BF%D1%80%D0%B8%D0%BB%D0%BE%D0%B6%D0%B5%D0%BD%D0%B8%D0%B5_-_40.JPG","330×284","Original needed","Original needed","1536×1322","Full-resolution camera original corresponding to наздар_сторис_приложение_-_40.JPG"
"bouquet-135","Букет ""Жанерке""","https://api.crm.nazdar.kz/media/preview/9H7A7545.jpg","235×294","Original needed","Original needed","1535×1920","Full-resolution camera original corresponding to 9H7A7545.jpg"
"bouquet-92","15 хризантем в оформлении","https://api.crm.nazdar.kz/media/preview/9H7A6277.jpg","328×284","Original needed","Original needed","1536×1330","Full-resolution camera original corresponding to 9H7A6277.jpg"
"bouquet-113","9 хризантем в оформлении","https://api.crm.nazdar.kz/media/preview/9H7A8864.jpg","328×284","Original needed","Original needed","1536×1330","Full-resolution camera original corresponding to 9H7A8864.jpg"
"bouquet-112","9 хризантем в коробке","https://api.crm.nazdar.kz/media/preview/9H7A8837.jpg","328×284","Original needed","Original needed","1536×1330","Full-resolution camera original corresponding to 9H7A8837.jpg"
"bouquet-127","5 хризантем в сумочке","https://api.crm.nazdar.kz/media/preview/9H7A7017.jpg","328×284","Original needed","Original needed","1536×1330","Full-resolution camera original corresponding to 9H7A7017.jpg"
"bouquet-199","Букет «Лазурная нежность» M","https://api.crm.nazdar.kz/media/preview/7a27ad34-6b81-4b1a-b827-7d060aab91fd.jpeg","900×1600","Adequate","Original needed","1080×1920","Full-resolution camera original corresponding to 7a27ad34-6b81-4b1a-b827-7d060aab91fd.jpeg"
"bouquet-60","Букет ""Аяулым""","https://api.crm.nazdar.kz/media/preview/9H7A4953.jpg","328×284","Original needed","Original needed","1536×1330","Full-resolution camera original corresponding to 9H7A4953.jpg"
"bouquet-64","Букет ""Жасмин""","https://api.crm.nazdar.kz/media/preview/9H7A4913.jpg","328×284","Original needed","Original needed","1536×1330","Full-resolution camera original corresponding to 9H7A4913.jpg"
"bouquet-74","Букет «Шарм»","https://api.crm.nazdar.kz/media/preview/9H7A3265.jpg","168×145","Original needed","Original needed","1536×1326","Full-resolution camera original corresponding to 9H7A3265.jpg"
"bouquet-194","Букет “Pink Love” S","https://api.crm.nazdar.kz/media/preview/0A6CB300-839D-4963-AD68-EEC7C8E2AE5A.png","941×1672","Adequate","Original needed","1081×1921","Full-resolution camera original corresponding to 0A6CB300-839D-4963-AD68-EEC7C8E2AE5A.png"
"bouquet-149","Букет ""Наз Гүл""","https://api.crm.nazdar.kz/media/preview/2.180.208.jpg","563×650","Original needed","Original needed","1536×1774","Full-resolution camera original corresponding to 2.180.208.jpg"
"bouquet-150","Букет ""Аруана""","https://api.crm.nazdar.kz/media/preview/3.180.220.jpg","563×650","Original needed","Original needed","1536×1774","Full-resolution camera original corresponding to 3.180.220.jpg"
"bouquet-152","Букет "" Самал""","https://api.crm.nazdar.kz/media/preview/7.108.208.jpg","563×650","Original needed","Original needed","1536×1774","Full-resolution camera original corresponding to 7.108.208.jpg"
"bouquet-11","9 хризантем в коробке","https://api.crm.nazdar.kz/media/preview/9H7A3633_q9FUrHP.jpg","330×284","Original needed","Original needed","1536×1322","Full-resolution camera original corresponding to 9H7A3633_q9FUrHP.jpg"
"bouquet-35","15 хризантем в коробке","https://api.crm.nazdar.kz/media/preview/9H7A2480.jpg","330×284","Original needed","Original needed","1536×1322","Full-resolution camera original corresponding to 9H7A2480.jpg"
"bouquet-58","Букет ""Адель""","https://api.crm.nazdar.kz/media/preview/9H7A4977.jpg","328×284","Original needed","Original needed","1536×1330","Full-resolution camera original corresponding to 9H7A4977.jpg"
"bouquet-59","Букет ""Жайна""","https://api.crm.nazdar.kz/media/preview/9H7A4962.jpg","328×284","Original needed","Original needed","1536×1330","Full-resolution camera original corresponding to 9H7A4962.jpg"
"bouquet-154","Букет ""Ақ Ерке""","https://api.crm.nazdar.kz/media/preview/11.108.220.jpg","180×208","Original needed","Original needed","1536×1775","Full-resolution camera original corresponding to 11.108.220.jpg"
"bouquet-195","Букет “Pink Love” M","https://api.crm.nazdar.kz/media/preview/6c04735e-3590-4043-93c8-1f8143c0fe98.jpeg","900×1600","Adequate","Original needed","1080×1920","Full-resolution camera original corresponding to 6c04735e-3590-4043-93c8-1f8143c0fe98.jpeg"
"bouquet-161","Букет «Белое облачко»","https://api.crm.nazdar.kz/media/preview/%D0%BD%D0%B0%D0%B7%D0%B4%D0%B0%D1%80_%D1%81%D1%82%D0%BE%D1%80%D0%B8%D1%81_%D0%BF%D1%80%D0%B8%D0%BB%D0%BE%D0%B6%D0%B5%D0%BD%D0%B8%D0%B5_-_42.JPG","330×284","Original needed","Original needed","1536×1322","Full-resolution camera original corresponding to наздар_сторис_приложение_-_42.JPG"
"bouquet-164","Композиция «Персиковый рассвет»","https://api.crm.nazdar.kz/media/preview/%D0%BD%D0%B0%D0%B7%D0%B4%D0%B0%D1%80_%D1%81%D1%82%D0%BE%D1%80%D0%B8%D1%81_%D0%BF%D1%80%D0%B8%D0%BB%D0%BE%D0%B6%D0%B5%D0%BD%D0%B8%D0%B5_-_46.JPG","330×284","Original needed","Original needed","1536×1322","Full-resolution camera original corresponding to наздар_сторис_приложение_-_46.JPG"
"bouquet-2","9 хризантем","https://api.crm.nazdar.kz/media/preview/9H7A2921.jpg","328×284","Original needed","Original needed","1536×1330","Full-resolution camera original corresponding to 9H7A2921.jpg"
"bouquet-68","Букет ""Нурсулу""","https://api.crm.nazdar.kz/media/preview/9H7A2983.jpg","284×246","Original needed","Original needed","1536×1331","Full-resolution camera original corresponding to 9H7A2983.jpg"
"bouquet-80","Букет ""Аниса""","https://api.crm.nazdar.kz/media/preview/9H7A6860.jpg","328×284","Original needed","Original needed","1536×1330","Full-resolution camera original corresponding to 9H7A6860.jpg"
"bouquet-128","Букет ""МАМА""","https://api.crm.nazdar.kz/media/preview/9H7A7041.jpg","328×284","Original needed","Original needed","1536×1330","Full-resolution camera original corresponding to 9H7A7041.jpg"
"bouquet-196","Букет «Pink Love» L","https://api.crm.nazdar.kz/media/preview/f0dfa7bc-8554-4b03-9827-732fb4a90a5a.jpeg","900×1600","Adequate","Original needed","1080×1920","Full-resolution camera original corresponding to f0dfa7bc-8554-4b03-9827-732fb4a90a5a.jpeg"
"product-24","Мягкая игрушка ""brown nose""","https://api.crm.nazdar.kz/media/product_slider/9H7A3117.jpg","750×1626","Adequate","Original needed","886×1920","Full-resolution camera original corresponding to 9H7A3117.jpg"
"product-27","Мягкая игрушка ""red nose""","https://api.crm.nazdar.kz/media/product_slider/9H7A3100.jpg","750×1626","Adequate","Original needed","886×1920","Full-resolution camera original corresponding to 9H7A3100.jpg"
"product-29","Мягкая игрушка XXL","https://api.crm.nazdar.kz/media/product_slider/9H7A3111.jpg","750×1626","Adequate","Original needed","886×1920","Full-resolution camera original corresponding to 9H7A3111.jpg"
"product-58","Фикус Лирата","https://api.crm.nazdar.kz/media/product/9H7A5349_aXPEhiE.jpg","330×284","Original needed","Original needed","1536×1322","Full-resolution camera original corresponding to 9H7A5349_aXPEhiE.jpg"
"product-68","Женское счастье 70 см","https://api.crm.nazdar.kz/media/product/9H7A5315.jpg","330×284","Original needed","Original needed","1536×1322","Full-resolution camera original corresponding to 9H7A5315.jpg"
"product-26","Игрушки","https://api.crm.nazdar.kz/media/product/25_w7ZpK1O.jpg","960×1280","Adequate","Original needed","1440×1920","Full-resolution camera original corresponding to 25_w7ZpK1O.jpg"
"product-62","Растение Шеффлера","https://api.crm.nazdar.kz/media/product/9H7A5332_LrnML1V.jpg","330×284","Original needed","Original needed","1536×1322","Full-resolution camera original corresponding to 9H7A5332_LrnML1V.jpg"
"product-60","Женское счастье 55 см","https://api.crm.nazdar.kz/media/product/9H7A5323_ec1JOEP.jpg","330×284","Original needed","Original needed","1536×1322","Full-resolution camera original corresponding to 9H7A5323_ec1JOEP.jpg"
"product-71","Орхидея","https://api.crm.nazdar.kz/media/product_slider/DSC09236.jpg","750×1628","Adequate","Original needed","885×1920","Full-resolution camera original corresponding to DSC09236.jpg"
"product-12","Мягкая игрушка ""rabbit""","https://api.crm.nazdar.kz/media/product_slider/9H7A3216.jpg","750×1626","Adequate","Original needed","886×1920","Full-resolution camera original corresponding to 9H7A3216.jpg"
"product-14","Мягкая игрушки ""capybara""","https://api.crm.nazdar.kz/media/product_slider/9H7A3126.jpg","750×1626","Adequate","Original needed","886×1920","Full-resolution camera original corresponding to 9H7A3126.jpg"
"product-165","Мужское счастье 65 см","https://api.crm.nazdar.kz/media/product/9H7A5302_iqXNyE7.jpg","330×284","Original needed","Original needed","1536×1322","Full-resolution camera original corresponding to 9H7A5302_iqXNyE7.jpg"
"product-65","Замиокулькас","https://api.crm.nazdar.kz/media/product/9H7A5482_VVcuJLi.jpg","330×284","Original needed","Original needed","1536×1322","Full-resolution camera original corresponding to 9H7A5482_VVcuJLi.jpg"
"product-56","Драцена","https://api.crm.nazdar.kz/media/product/9H7A5352_9cM3W6D.jpg","330×284","Original needed","Original needed","1536×1322","Full-resolution camera original corresponding to 9H7A5352_9cM3W6D.jpg"
"product-72","Фикус","https://api.crm.nazdar.kz/media/product/9H7A5310_9DhvvuF.jpg","330×284","Original needed","Original needed","1536×1322","Full-resolution camera original corresponding to 9H7A5310_9DhvvuF.jpg"
"product-13","Мягкая игрушка ""pink unicorn""","https://api.crm.nazdar.kz/media/product_slider/9H7A3293.jpg","750×1626","Adequate","Original needed","886×1920","Full-resolution camera original corresponding to 9H7A3293.jpg"
"product-180","Мягкая игрушка ""panda""","https://api.crm.nazdar.kz/media/product_slider/9H7A3228.jpg","750×1626","Adequate","Original needed","886×1920","Full-resolution camera original corresponding to 9H7A3228.jpg"
"product-57","Каланхоэ","https://api.crm.nazdar.kz/media/product/9H7A5364.jpg","330×284","Original needed","Original needed","1536×1322","Full-resolution camera original corresponding to 9H7A5364.jpg"
"product-196","Мягкая игрушка ""Smile""","https://api.crm.nazdar.kz/media/product_slider/9H7A6670.jpg","750×1626","Adequate","Original needed","886×1920","Full-resolution camera original corresponding to 9H7A6670.jpg"
"product-181","Мягкая игрушка ""bear loves""","https://api.crm.nazdar.kz/media/product_slider/9H7A3236.jpg","750×1626","Adequate","Original needed","886×1920","Full-resolution camera original corresponding to 9H7A3236.jpg"
"product-177","Мягкая игрушка dog","https://api.crm.nazdar.kz/media/product_slider/9H7A3180.jpg","750×1626","Adequate","Original needed","886×1920","Full-resolution camera original corresponding to 9H7A3180.jpg"
"product-171","Мягкая игрушка ""carrot""","https://api.crm.nazdar.kz/media/product_slider/9H7A3144.jpg","750×1626","Adequate","Original needed","886×1920","Full-resolution camera original corresponding to 9H7A3144.jpg"
"product-176","Мягкая игрушка ""pink rabbit""","https://api.crm.nazdar.kz/media/product_slider/9H7A3174.jpg","750×1626","Adequate","Original needed","886×1920","Full-resolution camera original corresponding to 9H7A3174.jpg"
"product-199","Игрушка  мягкая ""kiss""","https://api.crm.nazdar.kz/media/product_slider/9H7A6690.jpg","750×1626","Adequate","Original needed","886×1920","Full-resolution camera original corresponding to 9H7A6690.jpg"
"product-198","Игрушка мягкая ""yellow smile""","https://api.crm.nazdar.kz/media/product_slider/9H7A6677.jpg","750×1626","Adequate","Original needed","886×1920","Full-resolution camera original corresponding to 9H7A6677.jpg"
"product-179","Мягкая игрушка ""Кuromi""","https://api.crm.nazdar.kz/media/product_slider/9H7A3208.jpg","750×1626","Adequate","Original needed","886×1920","Full-resolution camera original corresponding to 9H7A3208.jpg"
"product-178","Мягкая игрушка ""doll""","https://api.crm.nazdar.kz/media/product_slider/9H7A3198.jpg","750×1626","Adequate","Original needed","886×1920","Full-resolution camera original corresponding to 9H7A3198.jpg"
"product-172","Мягкая игрушка ""green bear""","https://api.crm.nazdar.kz/media/product_slider/9H7A3151.jpg","750×1626","Adequate","Original needed","886×1920","Full-resolution camera original corresponding to 9H7A3151.jpg"
"product-175","Мягкая игрушка ""unicorn""","https://api.crm.nazdar.kz/media/product_slider/9H7A3167.jpg","750×1626","Adequate","Original needed","886×1920","Full-resolution camera original corresponding to 9H7A3167.jpg"
"product-173","Мягкая игрушка ""dog""","https://api.crm.nazdar.kz/media/product_slider/9H7A3157.jpg","750×1626","Adequate","Original needed","886×1920","Full-resolution camera original corresponding to 9H7A3157.jpg"
"product-182","Мягкая игрушка ""squirrel""","https://api.crm.nazdar.kz/media/product_slider/9H7A3288.jpg","750×1626","Adequate","Original needed","886×1920","Full-resolution camera original corresponding to 9H7A3288.jpg"
"product-170","Мягкая игрушка ""white bear""","https://api.crm.nazdar.kz/media/product_slider/9H7A3134.jpg","750×1626","Adequate","Original needed","886×1920","Full-resolution camera original corresponding to 9H7A3134.jpg"
"product-197","Мягкая игрушка ""Smile""","https://api.crm.nazdar.kz/media/product_slider/9H7A6674.jpg","750×1626","Adequate","Original needed","886×1920","Full-resolution camera original corresponding to 9H7A6674.jpg"
"product-468","Мягкая игрушка ""Bear love""","https://api.crm.nazdar.kz/media/product_slider/DSC09240.jpg","750×1628","Adequate","Original needed","885×1920","Full-resolution camera original corresponding to DSC09240.jpg"
"product-467","Мягкая игрушка ""Blue bear""","https://api.crm.nazdar.kz/media/product_slider/DSC09238.jpg","750×1628","Adequate","Original needed","885×1920","Full-resolution camera original corresponding to DSC09238.jpg"
"product-470","Мягкая игрушка ""Cute cow""","https://api.crm.nazdar.kz/media/product_slider/DSC09243.jpg","750×1627","Adequate","Original needed","886×1921","Full-resolution camera original corresponding to DSC09243.jpg"
"product-469","Мягкая игрушка ""Sweet bear""","https://api.crm.nazdar.kz/media/product_slider/DSC09250.jpg","750×1627","Adequate","Original needed","886×1921","Full-resolution camera original corresponding to DSC09250.jpg"
"product-473","Гузмания","https://api.crm.nazdar.kz/media/product_slider/DSC09216.jpg","750×1628","Adequate","Original needed","885×1920","Full-resolution camera original corresponding to DSC09216.jpg"
